trans_type,carbon_burden
electric,64.53512090351398
fuel,315.1013534693086
hybrid,117.04127887591692
walk,10
bike,16
bus,54.567749846719806
