trans_type,carbon_burden
No transportation,0
Electric car,64.53512090351398
Gasoline car,315.1013534693086
Hybrid car,117.04127887591692
Walk,10
Bike,16
Bus,54.567749846719806
